<metadata xml:lang="de"><Esri><CreaDate>20230831</CreaDate><CreaTime>21135400</CreaTime><ArcGISFormat>1.0</ArcGISFormat><SyncOnce>FALSE</SyncOnce><DataProperties><lineage><Process ToolSource="c:\program files\arcgis\pro\Resources\ArcToolBox\Toolboxes\Data Management Tools.tbx\CreateTable" Date="20220825" Time="163501">CreateTable D:\Users\melzerm\Documents\ArcGIS\Projects\EROSPOT_v2\EROSPOT.gdb sum_c_new_u in_memory\tmp_exceltotable_template # #</Process><Process ToolSource="c:\program files\arcgis\pro\Resources\ArcToolBox\Toolboxes\Conversion Tools.tbx\ExcelToTable" Date="20220825" Time="163502">ExcelToTable "Z:\FOR\FOR-Projects\EROSPOT\C factor calculation\summable c values.xlsx" D:\Users\melzerm\Documents\ArcGIS\Projects\EROSPOT_v2\EROSPOT.gdb\sum_c_new_u nu_codes_22 1 #</Process><Process ToolSource="c:\program files\arcgis\pro\Resources\ArcToolbox\toolboxes\Data Management Tools.tbx\Rename" Date="20220825" Time="163540">Rename D:\Users\melzerm\Documents\ArcGIS\Projects\EROSPOT_v2\EROSPOT.gdb\sum_c_new_u D:\Users\melzerm\Documents\ArcGIS\Projects\EROSPOT_v2\EROSPOT.gdb\sum_c_new Table</Process><Process ToolSource="c:\program files\arcgis\pro\Resources\ArcToolbox\toolboxes\Data Management Tools.tbx\DeleteField" Date="20220826" Time="084005">DeleteField sum_c_new sum_c_alt "Delete Fields"</Process><Process ToolSource="c:\program files\arcgis\pro\Resources\ArcToolbox\toolboxes\Data Management Tools.tbx\DeleteField" Date="20220826" Time="084040">DeleteField sum_c_new basis_prämie_invekos "Delete Fields"</Process><Process ToolSource="c:\program files\arcgis\pro\Resources\ArcToolbox\toolboxes\Data Management Tools.tbx\DeleteField" Date="20220826" Time="084047">DeleteField sum_c_new status_invekos "Delete Fields"</Process><Process ToolSource="c:\program files\arcgis\pro\Resources\ArcToolbox\toolboxes\Data Management Tools.tbx\CopyMultiple" Date="20230831" Time="211355">CopyMultiple "D:\Users\melzerm\Documents\ArcGIS\Projects\EROSPOT_v2\EROSPOT.gdb\sum_c_new Table" D:\Users\melzerm\Documents\ArcGIS\Projects\EROSPOT_v2\DataForPython.gdb sum_c_new "sum_c_new TableDataset sum_c_new #"</Process></lineage><itemProps><itemLocation><linkage Sync="TRUE">file://\\GIS-PC-MELZER\Users\EROSPOT\Desktop\sum_c_new\sum_c_new.dbf</linkage><protocol Sync="TRUE">Local Area Network</protocol></itemLocation><itemName Sync="TRUE">sum_c_new</itemName><imsContentType Sync="TRUE">002</imsContentType><itemSize Sync="TRUE">0.001</itemSize></itemProps></DataProperties><SyncDate>20241128</SyncDate><SyncTime>11270000</SyncTime><ModDate>20241128</ModDate><ModTime>11270000</ModTime></Esri><dataIdInfo><envirDesc Sync="TRUE">Microsoft Windows 10 Version 10.0 (Build 19045) ; Esri ArcGIS 13.1.0.41833</envirDesc><dataLang><languageCode value="deu" Sync="TRUE"></languageCode><countryCode value="DEU" Sync="TRUE"></countryCode></dataLang><idCitation><resTitle Sync="TRUE">sum_c_new</resTitle><presForm><PresFormCd value="011" Sync="TRUE"></PresFormCd></presForm></idCitation><spatRpType><SpatRepTypCd value="003" Sync="TRUE"></SpatRepTypCd></spatRpType></dataIdInfo><mdLang><languageCode value="deu" Sync="TRUE"></languageCode><countryCode value="DEU" Sync="TRUE"></countryCode></mdLang><distInfo><distFormat><formatName Sync="TRUE">dBASE Table</formatName></distFormat><distTranOps><transSize Sync="TRUE">0.001</transSize></distTranOps></distInfo><mdHrLv><ScopeCd value="007" Sync="TRUE"></ScopeCd></mdHrLv><mdHrLvName Sync="TRUE">dataset</mdHrLvName><eainfo><detailed Name="sum_c_new"><enttyp><enttypl Sync="TRUE">sum_c_new</enttypl><enttypt Sync="TRUE">Table</enttypt><enttypc Sync="TRUE">0</enttypc></enttyp><attr><attrlabl Sync="TRUE">OID</attrlabl><attalias Sync="TRUE">OID</attalias><attrtype Sync="TRUE">OID</attrtype><attwidth Sync="TRUE">4</attwidth><atprecis Sync="TRUE">0</atprecis><attscale Sync="TRUE">0</attscale><attrdef Sync="TRUE">Internal feature number.</attrdef><attrdefs Sync="TRUE">Esri</attrdefs><attrdomv><udom Sync="TRUE">Sequential unique whole numbers that are automatically generated.</udom></attrdomv></attr><attr><attrlabl Sync="TRUE">beschr_inv</attrlabl><attalias Sync="TRUE">beschr_inv</attalias><attrtype Sync="TRUE">String</attrtype><attwidth Sync="TRUE">254</attwidth><atprecis Sync="TRUE">0</atprecis><attscale Sync="TRUE">0</attscale></attr><attr><attrlabl Sync="TRUE">nu_code_in</attrlabl><attalias Sync="TRUE">nu_code_in</attalias><attrtype Sync="TRUE">String</attrtype><attwidth Sync="TRUE">254</attwidth><atprecis Sync="TRUE">0</atprecis><attscale Sync="TRUE">0</attscale></attr><attr><attrlabl Sync="TRUE">aum_code_i</attrlabl><attalias Sync="TRUE">aum_code_i</attalias><attrtype Sync="TRUE">String</attrtype><attwidth Sync="TRUE">254</attwidth><atprecis Sync="TRUE">0</atprecis><attscale Sync="TRUE">0</attscale></attr><attr><attrlabl Sync="TRUE">aum_beschr</attrlabl><attalias Sync="TRUE">aum_beschr</attalias><attrtype Sync="TRUE">String</attrtype><attwidth Sync="TRUE">254</attwidth><atprecis Sync="TRUE">0</atprecis><attscale Sync="TRUE">0</attscale></attr><attr><attrlabl Sync="TRUE">cultur_cod</attrlabl><attalias Sync="TRUE">cultur_cod</attalias><attrtype Sync="TRUE">String</attrtype><attwidth Sync="TRUE">254</attwidth><atprecis Sync="TRUE">0</atprecis><attscale Sync="TRUE">0</attscale></attr><attr><attrlabl Sync="TRUE">obart_nu_c</attrlabl><attalias Sync="TRUE">obart_nu_c</attalias><attrtype Sync="TRUE">Integer</attrtype><attwidth Sync="TRUE">10</attwidth><atprecis Sync="TRUE">10</atprecis><attscale Sync="TRUE">0</attscale></attr><attr><attrlabl Sync="TRUE">obart_besc</attrlabl><attalias Sync="TRUE">obart_besc</attalias><attrtype Sync="TRUE">String</attrtype><attwidth Sync="TRUE">254</attwidth><atprecis Sync="TRUE">0</atprecis><attscale Sync="TRUE">0</attscale></attr><attr><attrlabl Sync="TRUE">VEG_nu_cod</attrlabl><attalias Sync="TRUE">VEG_nu_cod</attalias><attrtype Sync="TRUE">Integer</attrtype><attwidth Sync="TRUE">10</attwidth><atprecis Sync="TRUE">10</atprecis><attscale Sync="TRUE">0</attscale></attr><attr><attrlabl Sync="TRUE">VEG_beschr</attrlabl><attalias Sync="TRUE">VEG_beschr</attalias><attrtype Sync="TRUE">String</attrtype><attwidth Sync="TRUE">254</attwidth><atprecis Sync="TRUE">0</atprecis><attscale Sync="TRUE">0</attscale></attr><attr><attrlabl Sync="TRUE">sod_crop_a</attrlabl><attalias Sync="TRUE">sod_crop_a</attalias><attrtype Sync="TRUE">Integer</attrtype><attwidth Sync="TRUE">10</attwidth><atprecis Sync="TRUE">10</atprecis><attscale Sync="TRUE">0</attscale></attr><attr><attrlabl Sync="TRUE">Summable_e</attrlabl><attalias Sync="TRUE">Summable_e</attalias><attrtype Sync="TRUE">Integer</attrtype><attwidth Sync="TRUE">10</attwidth><atprecis Sync="TRUE">10</atprecis><attscale Sync="TRUE">0</attscale></attr><attr><attrlabl Sync="TRUE">summable_c</attrlabl><attalias Sync="TRUE">summable_c</attalias><attrtype Sync="TRUE">String</attrtype><attwidth Sync="TRUE">254</attwidth><atprecis Sync="TRUE">0</atprecis><attscale Sync="TRUE">0</attscale></attr><attr><attrlabl Sync="TRUE">c_value_he</attrlabl><attalias Sync="TRUE">c_value_he</attalias><attrtype Sync="TRUE">Double</attrtype><attwidth Sync="TRUE">19</attwidth><atprecis Sync="TRUE">0</atprecis><attscale Sync="TRUE">0</attscale></attr><attr><attrlabl Sync="TRUE">comment</attrlabl><attalias Sync="TRUE">comment</attalias><attrtype Sync="TRUE">String</attrtype><attwidth Sync="TRUE">254</attwidth><atprecis Sync="TRUE">0</atprecis><attscale Sync="TRUE">0</attscale></attr><attr><attrlabl Sync="TRUE">combi_code</attrlabl><attalias Sync="TRUE">combi_code</attalias><attrtype Sync="TRUE">String</attrtype><attwidth Sync="TRUE">254</attwidth><atprecis Sync="TRUE">0</atprecis><attscale Sync="TRUE">0</attscale></attr><attr><attrlabl Sync="TRUE">sum_c</attrlabl><attalias Sync="TRUE">sum_c</attalias><attrtype Sync="TRUE">Double</attrtype><attwidth Sync="TRUE">19</attwidth><atprecis Sync="TRUE">0</atprecis><attscale Sync="TRUE">0</attscale></attr></detailed></eainfo><mdDateSt Sync="TRUE">20241128</mdDateSt></metadata>
